タイトル,本文
『豚ハンバーグの完成系』,豚ハンバーグの最高峰。訪問日:2023.10.24（火）lunchInstagram:@mash_foodstagram公式LINE:https://lin.ee/AQBeK...
ジューシーなポークハンバーグ,yukos789さんはじめフォローしている方々のレビューを読みブックマークしていたハンバーグウィルさん。岩中豚という銘柄の豚肉100%ねハンバーグが売りとの事。レストランのハンバーグといえばビーフ、自...
,平日昼の13時過ぎに訪問、3人ほど待ち、10分ほどで着席。モッツァレラチーズのハンバーグのランチセット（1580）を注文。温泉卵も無料でつけれます。豚100%のハンバーグで肉汁たっぷ...
,本日のランチは新宿御苑近くのHamburgWillさんを訪問です。開店30分前で2列目中盤、1周目には入れず。入店までは約90分となかなかの時間でした。今回は冬季限定の赤ワイン煮...
最高級銘柄豚[岩中豚]のハンバーグ,新宿御苑でお花見後に伺いました。オープン5分前、かなりの行列ができていましたが覚悟を決めて並び1時間20分後に入店。ハンバーグやソースを選択できるランチセットをいただきました。...
,日曜日の17:30に訪問しました。当日急遽お電話での予約でしたが快く受け付けていただけてありがたかったです。手狭な店内ですが、レンガ調の良い雰囲気で、お店いっぱいにハンバーグの焼けるいい匂...
,初の豚肉100%のハンバーグ！！店内に入るとハンバーグについてのこだわりやおすすめのメニューを丁寧に説明してくださいました。プリフィクスコースでパンチェッタベーコンのハンバーグにクリームマスタ...
豚肉100パーセントハンバーグ,新宿御苑にあるハンバーグ屋さん、予約して行ったほうが入りやすいです。岩中豚100パーセントのハンバーグということで、牛肉が入らないぶんわりとあっさりで200グラムを完食でした。ゆっくり食事というよ...
ソースがおいしい*¨*.,《モッツァレラチーズ》＊Bコース＊デミグラスソース＊ルビーグレープフルーツのシャーベット＊アイスティー行列が…1時間弱くらいならんだかな…疲れた()...
岩中豚100%使用のハンバーグ,テレビで紹介されてたらしく訪問させていただきました！予約の合間の1時間だけの席でしたがカルパッチョからスープ、ハンバーグと満喫できました！ソース選べるのも良いですね！ごちそうさまでした！今度は前もって...
,日曜日のランチに行きました♪混んでるのは覚悟で1時間弱並びましたが美味しかったです！ハンバーグだけではなく桜エビと春キャベツのコンソメスープもめっちゃ美味しかったです！次回は平日に行って柚...
,モッツァレラのハンバーグが絶品。温泉卵トッピング無料なので、追加するべき。ソースは三種類から選べ、柚子胡椒もチョイスした。ハンバーグの種類も多く、プレーン、ペッパー、ベーコン、軟骨、と...
,友達と来て、夫とも行きたかったところ祝日の10:30で4番目。40分でも大丈夫そう。軟骨＋クリームマスタードソース2回目。美味しいけど最後のほう少し飽きちゃった。パンの方が...
,かなり並びましたがとってもおいしかったです！ランチセットがお得だと思います。店員さんも優しく、列に並んでいる間温かいお茶をいただけました。色んな種類のハンバーグがあったのでまたお伺いしたいです！
食べ切るのが惜しくなるくらい美味しい,100名店にも選ばれているハンバーグウィルさん。友人が行きたいとのことで、土曜のランチで伺いました。並び始めた段階で前に8組ほどいる状態。そこから入店しハンバーグが提供されるまで大体1時間かかりました...
絶品ハンバーグ,本日はランチタイムに余裕が有ったので、オープン前から並んで新宿御苑エリアに有る『ハンバーグ　ウィル』さんに食べログ評価：3.66（0313現在）洋食の百名店にも選出されてるお店ベー...
映えるだけでなくてしっかり美味しいハンバーグ,平日19時前、昼時は大混雑というハンバーグウィルへ。新宿御苑駅からほど近く。夜も予約が多いようで気軽に来てしまったが、入れてよかった。続々と予約客が入ってくる。まずこちらはワンドリンク...
オススメのチーズハンバーグを注文,新宿に来る用事があり、美味しそうなランチを検索し、この店を発見開店前でも10.人くらいの待ちがあり。唯一のオススメだったチーズハンバーグを注文。濃厚なチーズと豚の旨みたっぷりのハンバーグで...
,今日は彼女と出会って1年の記念日でした。以前から二人で訪れようと決めていたお店でしたが、近頃はなかなか心の波長が合わず、今回は私一人での訪問となりました。さて、こちらの名物は岩中豚100%のポ...
,オープン前に店前につき、多くの人が並んでいました。ハンバーグはタレがなくても、そのままでも十分美味しく、まさに家庭では出せないプロの味という印象です。今回はランチタイムでしたが、デ...
,平日11:30過ぎ！待ちなく入れました◎テーブル席、カウンター席、テラス席があって、奥から順番に案内してるみたいでしたカウンター席の鉄板が見える位置に座れました！テラス席も日光入りそう...
,初めて行ったわけではないが、何度行っても驚きと感動の美味しさ！焼き方がいいのか使用している豚がいいのかわからないが、前菜、ソースも含めて全部美味しい！デザートは微妙。店員さんもちゃんと役割分担して仕事...
